{
  "n": 1920,
  "K": 3,
  "overall_raw": {
    "brier": 0.491717,
    "logloss": 0.840257,
    "ece": 0.023204
  },
  "skill_raw": {
    "skill_brier": 0.262425,
    "skill_logloss": 0.235165
  }
}