{"a": 0.04524400013363222, "b": 0.9142077667683187}